Karel;Peterka;Slavíèkova 6;608 00;Brno
Marie;Køepelková;Zemìdìlská 11;613 00;Brno
Pavel;Tuhý;Na valech 25;145 87;Praha
Andrej;Nejezchleba;Jindøi¹ská 2039;530 09;Pardubice
Jaroslav;Michálek;Na Pì¹inì 264;384 50;Dìèín
Marcela;Sadílková;Jungmannova 12;798 12;Prostìjov
Miroslav;Skoták;Nerudova 78;538 21;Chrudim
Marek;Sluneèko;Okru¾ní 9;738 01;Frýdek-Místek
Aneta;Stojanová;Palackého 41;294 21;Mladá Boleslav
Libor;Stoklásek;Pod ®urání 84;357 33;Sokolov
Martin;Stránský;Podolská 7;268 01;Beroun
Igor;Støí¾;Ponìtovská 20;538 03;Chrudim
Jiøí;©kapa;Pøíèní 78;671 54;Znojmo
Dana;©najdarová;Riegrova 45;538 03;Chrudim
Jakub;©rámek;Sádky 49;539 71;Chrudim
Adam;©rutka;Seifertova 18;671 54;Znojmo
Jitka;©tádlerová;Slatinská 57;111 21;Praha 1
Lenka;©»astná;Slunná 46;539 44;Chrudim
Michal;©tefek;Smetanova 34;190 11;Praha Bìchovice
Roman;©vanda;Akátová 55;399 01;Písek
Ondøej;Tatár;Bedøichovická 75;251 65;Praha-východ
Pavla;Tomanová;Bezruèova 41;666 03;Brno-venkov
©tìpán;Tyllich;Bo¾. Nìmcové 4;671 29;Znojmo
Ondøej;Vacek;Brnìnská 58;281 26;Kolín
Erik;Vasil;Brnìnská Pole 85;569 43;Svitavy
Martin;Va¹íèek;Bøí Mr¹tíkù 20;542 04;Trutnov
Eva;Veèeøová;Èechova 91;273 06;Kladno
Lubomír;Vida;Dlouhá 69;295 01;Mladá Boleslav
Jan;Vichta;Evropská 7;671 25;Znojmo
Vladimír;Vildomec;Havlíèkova 51;115 72;Praha
Luká¹;Vítek;Hlavní 89;568 02;Svitavy
Marek;Vláèilík;Hrabalova 75;675 23;Tøebíè
Michal;Vomela;Hrubínova 14;767 01;Kromìøí¾
Michal;Vrána;Høbitovní 85;403 23;Ústí nad Labem
Simona;Vysoukalová;Husova 80;293 06;Mladá Boleslav
Petr;Vypla¹il;Hybe¹ova 28;751 31;Pøerov